[
  {
    "id": 1,
    "name": "Squirtle_1",
    "power": 908,
    "tournament1": "won",
    "tournament2": "lost",
    "tournament3": "lost",
    "tournament4": "lost",
    "tournament5": "won",
    "tournament6": "won",
    "tournament7": "won",
    "tournament8": "lost",
    "tournament9": "lost",
    "tournament10": "won",
    "tournament11": "lost",
    "tournament12": "won",
    "tournament13": "lost",
    "tournament14": "lost",
    "tournament15": "won"
  },
  {
    "id": 2,
    "name": "Squirtle_2",
    "power": 765,
    "tournament1": "won",
    "tournament2": "won",
    "tournament3": "won",
    "tournament4": "won",
    "tournament5": "won",
    "tournament6": "lost",
    "tournament7": "lost",
    "tournament8": "lost",
    "tournament9": "lost",
    "tournament10": "lost",
    "tournament11": "won",
    "tournament12": "lost",
    "tournament13": "won",
    "tournament14": "won",
    "tournament15": "won"
  },
  {
    "id": 3,
    "name": "Squirtle_3",
    "power": 202,
    "tournament1": "won",
    "tournament2": "lost",
    "tournament3": "won",
    "tournament4": "won",
    "tournament5": "won",
    "tournament6": "lost",
    "tournament7": "lost",
    "tournament8": "lost",
    "tournament9": "lost",
    "tournament10": "won",
    "tournament11": "won",
    "tournament12": "won",
    "tournament13": "lost",
    "tournament14": "lost",
    "tournament15": "lost"
  },
  {
    "id": 4,
    "name": "Squirtle_4",
    "power": 650,
    "tournament1": "lost",
    "tournament2": "won",
    "tournament3": "won",
    "tournament4": "lost",
    "tournament5": "won",
    "tournament6": "won",
    "tournament7": "lost",
    "tournament8": "won",
    "tournament9": "won",
    "tournament10": "lost",
    "tournament11": "won",
    "tournament12": "won",
    "tournament13": "won",
    "tournament14": "won",
    "tournament15": "lost"
  },
  {
    "id": 5,
    "name": "Squirtle_5",
    "power": 821,
    "tournament1": "lost",
    "tournament2": "won",
    "tournament3": "won",
    "tournament4": "won",
    "tournament5": "lost",
    "tournament6": "lost",
    "tournament7": "won",
    "tournament8": "lost",
    "tournament9": "won",
    "tournament10": "lost",
    "tournament11": "won",
    "tournament12": "won",
    "tournament13": "won",
    "tournament14": "won",
    "tournament15": "won"
  },
  {
    "id": 6,
    "name": "Squirtle_6",
    "power": 869,
    "tournament1": "lost",
    "tournament2": "lost",
    "tournament3": "won",
    "tournament4": "won",
    "tournament5": "lost",
    "tournament6": "lost",
    "tournament7": "won",
    "tournament8": "lost",
    "tournament9": "lost",
    "tournament10": "lost",
    "tournament11": "lost",
    "tournament12": "won",
    "tournament13": "won",
    "tournament14": "won",
    "tournament15": "lost"
  },
  {
    "id": 7,
    "name": "Squirtle_7",
    "power": 73,
    "tournament1": "won",
    "tournament2": "won",
    "tournament3": "won",
    "tournament4": "lost",
    "tournament5": "lost",
    "tournament6": "won",
    "tournament7": "won",
    "tournament8": "won",
    "tournament9": "won",
    "tournament10": "lost",
    "tournament11": "lost",
    "tournament12": "lost",
    "tournament13": "lost",
    "tournament14": "lost",
    "tournament15": "lost"
  },
  {
    "id": 8,
    "name": "Squirtle_8",
    "power": 192,
    "tournament1": "won",
    "tournament2": "won",
    "tournament3": "lost",
    "tournament4": "lost",
    "tournament5": "lost",
    "tournament6": "won",
    "tournament7": "won",
    "tournament8": "lost",
    "tournament9": "won",
    "tournament10": "lost",
    "tournament11": "won",
    "tournament12": "won",
    "tournament13": "lost",
    "tournament14": "lost",
    "tournament15": "won"
  },
  {
    "id": 9,
    "name": "Squirtle_9",
    "power": 780,
    "tournament1": "won",
    "tournament2": "lost",
    "tournament3": "won",
    "tournament4": "won",
    "tournament5": "won",
    "tournament6": "lost",
    "tournament7": "won",
    "tournament8": "lost",
    "tournament9": "lost",
    "tournament10": "won",
    "tournament11": "won",
    "tournament12": "won",
    "tournament13": "lost",
    "tournament14": "won",
    "tournament15": "won"
  },
  {
    "id": 10,
    "name": "Squirtle_10",
    "power": 13,
    "tournament1": "lost",
    "tournament2": "won",
    "tournament3": "lost",
    "tournament4": "lost",
    "tournament5": "won",
    "tournament6": "won",
    "tournament7": "won",
    "tournament8": "won",
    "tournament9": "lost",
    "tournament10": "lost",
    "tournament11": "lost",
    "tournament12": "won",
    "tournament13": "lost",
    "tournament14": "lost",
    "tournament15": "won"
  },
  {
    "id": 11,
    "name": "Squirtle_11",
    "power": 347,
    "tournament1": "lost",
    "tournament2": "lost",
    "tournament3": "won",
    "tournament4": "lost",
    "tournament5": "won",
    "tournament6": "lost",
    "tournament7": "lost",
    "tournament8": "lost",
    "tournament9": "lost",
    "tournament10": "lost",
    "tournament11": "won",
    "tournament12": "lost",
    "tournament13": "won",
    "tournament14": "lost",
    "tournament15": "won"
  },
  {
    "id": 12,
    "name": "Squirtle_12",
    "power": 157,
    "tournament1": "lost",
    "tournament2": "won",
    "tournament3": "lost",
    "tournament4": "won",
    "tournament5": "won",
    "tournament6": "lost",
    "tournament7": "lost",
    "tournament8": "lost",
    "tournament9": "won",
    "tournament10": "won",
    "tournament11": "lost",
    "tournament12": "won",
    "tournament13": "lost",
    "tournament14": "lost",
    "tournament15": "won"
  },
  {
    "id": 13,
    "name": "Squirtle_13",
    "power": 84,
    "tournament1": "lost",
    "tournament2": "lost",
    "tournament3": "lost",
    "tournament4": "lost",
    "tournament5": "won",
    "tournament6": "lost",
    "tournament7": "won",
    "tournament8": "won",
    "tournament9": "lost",
    "tournament10": "won",
    "tournament11": "lost",
    "tournament12": "lost",
    "tournament13": "won",
    "tournament14": "lost",
    "tournament15": "won"
  },
  {
    "id": 14,
    "name": "Squirtle_14",
    "power": 31,
    "tournament1": "won",
    "tournament2": "won",
    "tournament3": "lost",
    "tournament4": "lost",
    "tournament5": "won",
    "tournament6": "won",
    "tournament7": "won",
    "tournament8": "won",
    "tournament9": "won",
    "tournament10": "won",
    "tournament11": "won",
    "tournament12": "won",
    "tournament13": "lost",
    "tournament14": "lost",
    "tournament15": "won"
  },
  {
    "id": 15,
    "name": "Squirtle_15",
    "power": 752,
    "tournament1": "lost",
    "tournament2": "lost",
    "tournament3": "won",
    "tournament4": "won",
    "tournament5": "won",
    "tournament6": "won",
    "tournament7": "won",
    "tournament8": "won",
    "tournament9": "won",
    "tournament10": "lost",
    "tournament11": "won",
    "tournament12": "won",
    "tournament13": "won",
    "tournament14": "lost",
    "tournament15": "won"
  },
  {
    "id": 16,
    "name": "Squirtle_16",
    "power": 65,
    "tournament1": "lost",
    "tournament2": "lost",
    "tournament3": "won",
    "tournament4": "lost",
    "tournament5": "lost",
    "tournament6": "won",
    "tournament7": "lost",
    "tournament8": "lost",
    "tournament9": "won",
    "tournament10": "won",
    "tournament11": "lost",
    "tournament12": "won",
    "tournament13": "won",
    "tournament14": "lost",
    "tournament15": "lost"
  },
  {
    "id": 17,
    "name": "Squirtle_17",
    "power": 431,
    "tournament1": "won",
    "tournament2": "won",
    "tournament3": "lost",
    "tournament4": "lost",
    "tournament5": "won",
    "tournament6": "won",
    "tournament7": "lost",
    "tournament8": "won",
    "tournament9": "lost",
    "tournament10": "lost",
    "tournament11": "won",
    "tournament12": "lost",
    "tournament13": "won",
    "tournament14": "won",
    "tournament15": "won"
  },
  {
    "id": 18,
    "name": "Squirtle_18",
    "power": 110,
    "tournament1": "lost",
    "tournament2": "won",
    "tournament3": "won",
    "tournament4": "won",
    "tournament5": "lost",
    "tournament6": "lost",
    "tournament7": "lost",
    "tournament8": "lost",
    "tournament9": "lost",
    "tournament10": "won",
    "tournament11": "lost",
    "tournament12": "won",
    "tournament13": "lost",
    "tournament14": "lost",
    "tournament15": "won"
  },
  {
    "id": 19,
    "name": "Squirtle_19",
    "power": 653,
    "tournament1": "won",
    "tournament2": "lost",
    "tournament3": "won",
    "tournament4": "lost",
    "tournament5": "lost",
    "tournament6": "lost",
    "tournament7": "lost",
    "tournament8": "lost",
    "tournament9": "won",
    "tournament10": "won",
    "tournament11": "lost",
    "tournament12": "lost",
    "tournament13": "lost",
    "tournament14": "lost",
    "tournament15": "won"
  },
  {
    "id": 20,
    "name": "Squirtle_20",
    "power": 60,
    "tournament1": "won",
    "tournament2": "lost",
    "tournament3": "lost",
    "tournament4": "won",
    "tournament5": "lost",
    "tournament6": "lost",
    "tournament7": "won",
    "tournament8": "lost",
    "tournament9": "lost",
    "tournament10": "lost",
    "tournament11": "lost",
    "tournament12": "won",
    "tournament13": "lost",
    "tournament14": "won",
    "tournament15": "won"
  },
  {
    "id": 21,
    "name": "Squirtle_21",
    "power": 875,
    "tournament1": "won",
    "tournament2": "won",
    "tournament3": "won",
    "tournament4": "won",
    "tournament5": "lost",
    "tournament6": "won",
    "tournament7": "lost",
    "tournament8": "lost",
    "tournament9": "won",
    "tournament10": "lost",
    "tournament11": "won",
    "tournament12": "lost",
    "tournament13": "won",
    "tournament14": "lost",
    "tournament15": "won"
  },
  {
    "id": 22,
    "name": "Squirtle_22",
    "power": 801,
    "tournament1": "lost",
    "tournament2": "lost",
    "tournament3": "won",
    "tournament4": "won",
    "tournament5": "won",
    "tournament6": "won",
    "tournament7": "lost",
    "tournament8": "lost",
    "tournament9": "won",
    "tournament10": "won",
    "tournament11": "lost",
    "tournament12": "won",
    "tournament13": "lost",
    "tournament14": "lost",
    "tournament15": "lost"
  },
  {
    "id": 23,
    "name": "Squirtle_23",
    "power": 961,
    "tournament1": "lost",
    "tournament2": "lost",
    "tournament3": "won",
    "tournament4": "lost",
    "tournament5": "lost",
    "tournament6": "won",
    "tournament7": "lost",
    "tournament8": "won",
    "tournament9": "won",
    "tournament10": "won",
    "tournament11": "lost",
    "tournament12": "won",
    "tournament13": "lost",
    "tournament14": "won",
    "tournament15": "lost"
  },
  {
    "id": 24,
    "name": "Squirtle_24",
    "power": 580,
    "tournament1": "lost",
    "tournament2": "lost",
    "tournament3": "lost",
    "tournament4": "lost",
    "tournament5": "won",
    "tournament6": "won",
    "tournament7": "won",
    "tournament8": "won",
    "tournament9": "won",
    "tournament10": "lost",
    "tournament11": "won",
    "tournament12": "won",
    "tournament13": "lost",
    "tournament14": "won",
    "tournament15": "lost"
  },
  {
    "id": 25,
    "name": "Squirtle_25",
    "power": 612,
    "tournament1": "won",
    "tournament2": "lost",
    "tournament3": "won",
    "tournament4": "lost",
    "tournament5": "lost",
    "tournament6": "lost",
    "tournament7": "lost",
    "tournament8": "lost",
    "tournament9": "won",
    "tournament10": "won",
    "tournament11": "won",
    "tournament12": "won",
    "tournament13": "won",
    "tournament14": "won",
    "tournament15": "lost"
  },
  {
    "id": 26,
    "name": "Squirtle_26",
    "power": 942,
    "tournament1": "lost",
    "tournament2": "won",
    "tournament3": "lost",
    "tournament4": "lost",
    "tournament5": "lost",
    "tournament6": "won",
    "tournament7": "won",
    "tournament8": "won",
    "tournament9": "won",
    "tournament10": "lost",
    "tournament11": "lost",
    "tournament12": "won",
    "tournament13": "lost",
    "tournament14": "won",
    "tournament15": "lost"
  },
  {
    "id": 27,
    "name": "Squirtle_27",
    "power": 836,
    "tournament1": "won",
    "tournament2": "lost",
    "tournament3": "lost",
    "tournament4": "lost",
    "tournament5": "lost",
    "tournament6": "won",
    "tournament7": "lost",
    "tournament8": "won",
    "tournament9": "lost",
    "tournament10": "lost",
    "tournament11": "lost",
    "tournament12": "lost",
    "tournament13": "won",
    "tournament14": "won",
    "tournament15": "lost"
  },
  {
    "id": 28,
    "name": "Squirtle_28",
    "power": 458,
    "tournament1": "lost",
    "tournament2": "won",
    "tournament3": "won",
    "tournament4": "lost",
    "tournament5": "won",
    "tournament6": "lost",
    "tournament7": "lost",
    "tournament8": "won",
    "tournament9": "won",
    "tournament10": "lost",
    "tournament11": "lost",
    "tournament12": "won",
    "tournament13": "won",
    "tournament14": "won",
    "tournament15": "lost"
  },
  {
    "id": 29,
    "name": "Squirtle_29",
    "power": 514,
    "tournament1": "lost",
    "tournament2": "won",
    "tournament3": "lost",
    "tournament4": "lost",
    "tournament5": "lost",
    "tournament6": "lost",
    "tournament7": "lost",
    "tournament8": "won",
    "tournament9": "won",
    "tournament10": "lost",
    "tournament11": "lost",
    "tournament12": "lost",
    "tournament13": "won",
    "tournament14": "won",
    "tournament15": "lost"
  },
  {
    "id": 30,
    "name": "Squirtle_30",
    "power": 922,
    "tournament1": "won",
    "tournament2": "won",
    "tournament3": "won",
    "tournament4": "lost",
    "tournament5": "lost",
    "tournament6": "lost",
    "tournament7": "lost",
    "tournament8": "lost",
    "tournament9": "won",
    "tournament10": "won",
    "tournament11": "won",
    "tournament12": "won",
    "tournament13": "won",
    "tournament14": "won",
    "tournament15": "lost"
  },
  {
    "id": 31,
    "name": "Squirtle_31",
    "power": 48,
    "tournament1": "won",
    "tournament2": "won",
    "tournament3": "won",
    "tournament4": "won",
    "tournament5": "lost",
    "tournament6": "won",
    "tournament7": "lost",
    "tournament8": "won",
    "tournament9": "lost",
    "tournament10": "won",
    "tournament11": "lost",
    "tournament12": "won",
    "tournament13": "lost",
    "tournament14": "won",
    "tournament15": "lost"
  },
  {
    "id": 32,
    "name": "Squirtle_32",
    "power": 518,
    "tournament1": "lost",
    "tournament2": "lost",
    "tournament3": "lost",
    "tournament4": "won",
    "tournament5": "won",
    "tournament6": "won",
    "tournament7": "lost",
    "tournament8": "won",
    "tournament9": "won",
    "tournament10": "won",
    "tournament11": "lost",
    "tournament12": "lost",
    "tournament13": "won",
    "tournament14": "won",
    "tournament15": "lost"
  },
  {
    "id": 33,
    "name": "Squirtle_33",
    "power": 780,
    "tournament1": "won",
    "tournament2": "lost",
    "tournament3": "lost",
    "tournament4": "lost",
    "tournament5": "won",
    "tournament6": "lost",
    "tournament7": "lost",
    "tournament8": "won",
    "tournament9": "won",
    "tournament10": "lost",
    "tournament11": "won",
    "tournament12": "lost",
    "tournament13": "won",
    "tournament14": "lost",
    "tournament15": "lost"
  },
  {
    "id": 34,
    "name": "Squirtle_34",
    "power": 452,
    "tournament1": "won",
    "tournament2": "lost",
    "tournament3": "lost",
    "tournament4": "lost",
    "tournament5": "won",
    "tournament6": "lost",
    "tournament7": "won",
    "tournament8": "lost",
    "tournament9": "won",
    "tournament10": "won",
    "tournament11": "won",
    "tournament12": "won",
    "tournament13": "won",
    "tournament14": "won",
    "tournament15": "won"
  },
  {
    "id": 35,
    "name": "Squirtle_35",
    "power": 45,
    "tournament1": "lost",
    "tournament2": "won",
    "tournament3": "lost",
    "tournament4": "won",
    "tournament5": "won",
    "tournament6": "won",
    "tournament7": "lost",
    "tournament8": "lost",
    "tournament9": "won",
    "tournament10": "lost",
    "tournament11": "lost",
    "tournament12": "lost",
    "tournament13": "lost",
    "tournament14": "lost",
    "tournament15": "won"
  },
  {
    "id": 36,
    "name": "Squirtle_36",
    "power": 879,
    "tournament1": "lost",
    "tournament2": "lost",
    "tournament3": "won",
    "tournament4": "lost",
    "tournament5": "lost",
    "tournament6": "won",
    "tournament7": "won",
    "tournament8": "lost",
    "tournament9": "won",
    "tournament10": "won",
    "tournament11": "won",
    "tournament12": "won",
    "tournament13": "won",
    "tournament14": "won",
    "tournament15": "lost"
  },
  {
    "id": 37,
    "name": "Squirtle_37",
    "power": 5,
    "tournament1": "lost",
    "tournament2": "won",
    "tournament3": "lost",
    "tournament4": "lost",
    "tournament5": "lost",
    "tournament6": "lost",
    "tournament7": "lost",
    "tournament8": "lost",
    "tournament9": "lost",
    "tournament10": "won",
    "tournament11": "won",
    "tournament12": "lost",
    "tournament13": "lost",
    "tournament14": "won",
    "tournament15": "won"
  },
  {
    "id": 38,
    "name": "Squirtle_38",
    "power": 611,
    "tournament1": "lost",
    "tournament2": "lost",
    "tournament3": "won",
    "tournament4": "lost",
    "tournament5": "lost",
    "tournament6": "won",
    "tournament7": "won",
    "tournament8": "won",
    "tournament9": "lost",
    "tournament10": "lost",
    "tournament11": "lost",
    "tournament12": "lost",
    "tournament13": "won",
    "tournament14": "won",
    "tournament15": "lost"
  },
  {
    "id": 39,
    "name": "Squirtle_39",
    "power": 908,
    "tournament1": "won",
    "tournament2": "won",
    "tournament3": "lost",
    "tournament4": "won",
    "tournament5": "lost",
    "tournament6": "won",
    "tournament7": "won",
    "tournament8": "lost",
    "tournament9": "lost",
    "tournament10": "lost",
    "tournament11": "won",
    "tournament12": "won",
    "tournament13": "won",
    "tournament14": "lost",
    "tournament15": "won"
  },
  {
    "id": 40,
    "name": "Squirtle_40",
    "power": 297,
    "tournament1": "lost",
    "tournament2": "lost",
    "tournament3": "won",
    "tournament4": "lost",
    "tournament5": "lost",
    "tournament6": "won",
    "tournament7": "won",
    "tournament8": "lost",
    "tournament9": "lost",
    "tournament10": "won",
    "tournament11": "lost",
    "tournament12": "lost",
    "tournament13": "lost",
    "tournament14": "won",
    "tournament15": "won"
  },
  {
    "id": 41,
    "name": "Squirtle_41",
    "power": 12,
    "tournament1": "lost",
    "tournament2": "lost",
    "tournament3": "won",
    "tournament4": "lost",
    "tournament5": "won",
    "tournament6": "won",
    "tournament7": "lost",
    "tournament8": "won",
    "tournament9": "won",
    "tournament10": "won",
    "tournament11": "won",
    "tournament12": "lost",
    "tournament13": "lost",
    "tournament14": "won",
    "tournament15": "won"
  },
  {
    "id": 42,
    "name": "Squirtle_42",
    "power": 475,
    "tournament1": "won",
    "tournament2": "won",
    "tournament3": "won",
    "tournament4": "won",
    "tournament5": "won",
    "tournament6": "won",
    "tournament7": "won",
    "tournament8": "won",
    "tournament9": "won",
    "tournament10": "lost",
    "tournament11": "lost",
    "tournament12": "won",
    "tournament13": "lost",
    "tournament14": "lost",
    "tournament15": "lost"
  },
  {
    "id": 43,
    "name": "Squirtle_43",
    "power": 660,
    "tournament1": "won",
    "tournament2": "lost",
    "tournament3": "lost",
    "tournament4": "lost",
    "tournament5": "lost",
    "tournament6": "lost",
    "tournament7": "won",
    "tournament8": "won",
    "tournament9": "won",
    "tournament10": "lost",
    "tournament11": "won",
    "tournament12": "won",
    "tournament13": "lost",
    "tournament14": "lost",
    "tournament15": "lost"
  },
  {
    "id": 44,
    "name": "Squirtle_44",
    "power": 8,
    "tournament1": "won",
    "tournament2": "won",
    "tournament3": "won",
    "tournament4": "won",
    "tournament5": "lost",
    "tournament6": "lost",
    "tournament7": "won",
    "tournament8": "won",
    "tournament9": "won",
    "tournament10": "lost",
    "tournament11": "lost",
    "tournament12": "lost",
    "tournament13": "won",
    "tournament14": "lost",
    "tournament15": "won"
  },
  {
    "id": 45,
    "name": "Squirtle_45",
    "power": 953,
    "tournament1": "won",
    "tournament2": "lost",
    "tournament3": "lost",
    "tournament4": "lost",
    "tournament5": "lost",
    "tournament6": "won",
    "tournament7": "lost",
    "tournament8": "lost",
    "tournament9": "lost",
    "tournament10": "lost",
    "tournament11": "lost",
    "tournament12": "lost",
    "tournament13": "won",
    "tournament14": "won",
    "tournament15": "lost"
  },
  {
    "id": 46,
    "name": "Squirtle_46",
    "power": 397,
    "tournament1": "lost",
    "tournament2": "lost",
    "tournament3": "won",
    "tournament4": "won",
    "tournament5": "lost",
    "tournament6": "won",
    "tournament7": "lost",
    "tournament8": "lost",
    "tournament9": "won",
    "tournament10": "lost",
    "tournament11": "won",
    "tournament12": "won",
    "tournament13": "won",
    "tournament14": "won",
    "tournament15": "won"
  },
  {
    "id": 47,
    "name": "Squirtle_47",
    "power": 707,
    "tournament1": "won",
    "tournament2": "lost",
    "tournament3": "lost",
    "tournament4": "won",
    "tournament5": "won",
    "tournament6": "won",
    "tournament7": "won",
    "tournament8": "lost",
    "tournament9": "lost",
    "tournament10": "won",
    "tournament11": "lost",
    "tournament12": "lost",
    "tournament13": "won",
    "tournament14": "lost",
    "tournament15": "won"
  },
  {
    "id": 48,
    "name": "Squirtle_48",
    "power": 454,
    "tournament1": "won",
    "tournament2": "lost",
    "tournament3": "lost",
    "tournament4": "lost",
    "tournament5": "won",
    "tournament6": "lost",
    "tournament7": "won",
    "tournament8": "won",
    "tournament9": "lost",
    "tournament10": "lost",
    "tournament11": "won",
    "tournament12": "lost",
    "tournament13": "lost",
    "tournament14": "lost",
    "tournament15": "lost"
  },
  {
    "id": 49,
    "name": "Squirtle_49",
    "power": 43,
    "tournament1": "lost",
    "tournament2": "won",
    "tournament3": "won",
    "tournament4": "won",
    "tournament5": "lost",
    "tournament6": "lost",
    "tournament7": "won",
    "tournament8": "lost",
    "tournament9": "won",
    "tournament10": "lost",
    "tournament11": "won",
    "tournament12": "lost",
    "tournament13": "lost",
    "tournament14": "won",
    "tournament15": "lost"
  },
  {
    "id": 50,
    "name": "Squirtle_50",
    "power": 847,
    "tournament1": "lost",
    "tournament2": "lost",
    "tournament3": "won",
    "tournament4": "won",
    "tournament5": "won",
    "tournament6": "won",
    "tournament7": "won",
    "tournament8": "lost",
    "tournament9": "lost",
    "tournament10": "lost",
    "tournament11": "lost",
    "tournament12": "lost",
    "tournament13": "lost",
    "tournament14": "lost",
    "tournament15": "lost"
  },
  {
    "id": 51,
    "name": "Squirtle_51",
    "power": 591,
    "tournament1": "lost",
    "tournament2": "lost",
    "tournament3": "won",
    "tournament4": "lost",
    "tournament5": "lost",
    "tournament6": "won",
    "tournament7": "won",
    "tournament8": "lost",
    "tournament9": "won",
    "tournament10": "lost",
    "tournament11": "won",
    "tournament12": "lost",
    "tournament13": "won",
    "tournament14": "won",
    "tournament15": "won"
  },
  {
    "id": 52,
    "name": "Squirtle_52",
    "power": 647,
    "tournament1": "lost",
    "tournament2": "lost",
    "tournament3": "lost",
    "tournament4": "won",
    "tournament5": "lost",
    "tournament6": "won",
    "tournament7": "lost",
    "tournament8": "lost",
    "tournament9": "won",
    "tournament10": "won",
    "tournament11": "won",
    "tournament12": "lost",
    "tournament13": "lost",
    "tournament14": "lost",
    "tournament15": "won"
  },
  {
    "id": 53,
    "name": "Squirtle_53",
    "power": 645,
    "tournament1": "won",
    "tournament2": "lost",
    "tournament3": "won",
    "tournament4": "lost",
    "tournament5": "lost",
    "tournament6": "won",
    "tournament7": "lost",
    "tournament8": "lost",
    "tournament9": "won",
    "tournament10": "lost",
    "tournament11": "won",
    "tournament12": "won",
    "tournament13": "won",
    "tournament14": "won",
    "tournament15": "lost"
  },
  {
    "id": 54,
    "name": "Squirtle_54",
    "power": 20,
    "tournament1": "won",
    "tournament2": "lost",
    "tournament3": "lost",
    "tournament4": "lost",
    "tournament5": "won",
    "tournament6": "won",
    "tournament7": "lost",
    "tournament8": "won",
    "tournament9": "lost",
    "tournament10": "won",
    "tournament11": "lost",
    "tournament12": "lost",
    "tournament13": "lost",
    "tournament14": "lost",
    "tournament15": "lost"
  },
  {
    "id": 55,
    "name": "Squirtle_55",
    "power": 545,
    "tournament1": "lost",
    "tournament2": "won",
    "tournament3": "lost",
    "tournament4": "won",
    "tournament5": "won",
    "tournament6": "won",
    "tournament7": "won",
    "tournament8": "won",
    "tournament9": "won",
    "tournament10": "won",
    "tournament11": "won",
    "tournament12": "won",
    "tournament13": "lost",
    "tournament14": "won",
    "tournament15": "won"
  },
  {
    "id": 56,
    "name": "Squirtle_56",
    "power": 928,
    "tournament1": "won",
    "tournament2": "lost",
    "tournament3": "won",
    "tournament4": "won",
    "tournament5": "lost",
    "tournament6": "won",
    "tournament7": "lost",
    "tournament8": "lost",
    "tournament9": "lost",
    "tournament10": "won",
    "tournament11": "won",
    "tournament12": "lost",
    "tournament13": "lost",
    "tournament14": "won",
    "tournament15": "won"
  },
  {
    "id": 57,
    "name": "Squirtle_57",
    "power": 678,
    "tournament1": "lost",
    "tournament2": "lost",
    "tournament3": "won",
    "tournament4": "lost",
    "tournament5": "won",
    "tournament6": "won",
    "tournament7": "lost",
    "tournament8": "lost",
    "tournament9": "lost",
    "tournament10": "lost",
    "tournament11": "lost",
    "tournament12": "won",
    "tournament13": "won",
    "tournament14": "lost",
    "tournament15": "won"
  },
  {
    "id": 58,
    "name": "Squirtle_58",
    "power": 417,
    "tournament1": "won",
    "tournament2": "won",
    "tournament3": "won",
    "tournament4": "lost",
    "tournament5": "lost",
    "tournament6": "lost",
    "tournament7": "lost",
    "tournament8": "lost",
    "tournament9": "won",
    "tournament10": "won",
    "tournament11": "lost",
    "tournament12": "lost",
    "tournament13": "lost",
    "tournament14": "lost",
    "tournament15": "won"
  },
  {
    "id": 59,
    "name": "Squirtle_59",
    "power": 376,
    "tournament1": "lost",
    "tournament2": "won",
    "tournament3": "won",
    "tournament4": "won",
    "tournament5": "lost",
    "tournament6": "won",
    "tournament7": "won",
    "tournament8": "won",
    "tournament9": "won",
    "tournament10": "won",
    "tournament11": "won",
    "tournament12": "won",
    "tournament13": "won",
    "tournament14": "won",
    "tournament15": "won"
  },
  {
    "id": 60,
    "name": "Squirtle_60",
    "power": 96,
    "tournament1": "lost",
    "tournament2": "lost",
    "tournament3": "won",
    "tournament4": "won",
    "tournament5": "won",
    "tournament6": "won",
    "tournament7": "won",
    "tournament8": "won",
    "tournament9": "lost",
    "tournament10": "won",
    "tournament11": "won",
    "tournament12": "lost",
    "tournament13": "won",
    "tournament14": "won",
    "tournament15": "lost"
  },
  {
    "id": 61,
    "name": "Squirtle_61",
    "power": 534,
    "tournament1": "lost",
    "tournament2": "lost",
    "tournament3": "won",
    "tournament4": "won",
    "tournament5": "lost",
    "tournament6": "won",
    "tournament7": "lost",
    "tournament8": "won",
    "tournament9": "lost",
    "tournament10": "won",
    "tournament11": "won",
    "tournament12": "lost",
    "tournament13": "lost",
    "tournament14": "lost",
    "tournament15": "won"
  },
  {
    "id": 62,
    "name": "Squirtle_62",
    "power": 386,
    "tournament1": "lost",
    "tournament2": "lost",
    "tournament3": "lost",
    "tournament4": "lost",
    "tournament5": "lost",
    "tournament6": "lost",
    "tournament7": "won",
    "tournament8": "lost",
    "tournament9": "lost",
    "tournament10": "lost",
    "tournament11": "lost",
    "tournament12": "won",
    "tournament13": "won",
    "tournament14": "won",
    "tournament15": "lost"
  },
  {
    "id": 63,
    "name": "Squirtle_63",
    "power": 610,
    "tournament1": "won",
    "tournament2": "won",
    "tournament3": "lost",
    "tournament4": "lost",
    "tournament5": "lost",
    "tournament6": "won",
    "tournament7": "lost",
    "tournament8": "won",
    "tournament9": "won",
    "tournament10": "lost",
    "tournament11": "lost",
    "tournament12": "lost",
    "tournament13": "won",
    "tournament14": "won",
    "tournament15": "lost"
  },
  {
    "id": 64,
    "name": "Squirtle_64",
    "power": 700,
    "tournament1": "won",
    "tournament2": "won",
    "tournament3": "won",
    "tournament4": "lost",
    "tournament5": "lost",
    "tournament6": "won",
    "tournament7": "won",
    "tournament8": "won",
    "tournament9": "lost",
    "tournament10": "won",
    "tournament11": "won",
    "tournament12": "lost",
    "tournament13": "won",
    "tournament14": "won",
    "tournament15": "lost"
  },
  {
    "id": 65,
    "name": "Squirtle_65",
    "power": 629,
    "tournament1": "lost",
    "tournament2": "won",
    "tournament3": "lost",
    "tournament4": "lost",
    "tournament5": "lost",
    "tournament6": "won",
    "tournament7": "lost",
    "tournament8": "lost",
    "tournament9": "lost",
    "tournament10": "won",
    "tournament11": "won",
    "tournament12": "lost",
    "tournament13": "lost",
    "tournament14": "won",
    "tournament15": "lost"
  },
  {
    "id": 66,
    "name": "Squirtle_66",
    "power": 780,
    "tournament1": "lost",
    "tournament2": "won",
    "tournament3": "won",
    "tournament4": "lost",
    "tournament5": "lost",
    "tournament6": "lost",
    "tournament7": "lost",
    "tournament8": "won",
    "tournament9": "lost",
    "tournament10": "lost",
    "tournament11": "won",
    "tournament12": "lost",
    "tournament13": "won",
    "tournament14": "won",
    "tournament15": "lost"
  },
  {
    "id": 67,
    "name": "Squirtle_67",
    "power": 233,
    "tournament1": "lost",
    "tournament2": "won",
    "tournament3": "won",
    "tournament4": "lost",
    "tournament5": "lost",
    "tournament6": "won",
    "tournament7": "lost",
    "tournament8": "won",
    "tournament9": "won",
    "tournament10": "lost",
    "tournament11": "won",
    "tournament12": "won",
    "tournament13": "won",
    "tournament14": "lost",
    "tournament15": "won"
  },
  {
    "id": 68,
    "name": "Squirtle_68",
    "power": 211,
    "tournament1": "won",
    "tournament2": "won",
    "tournament3": "lost",
    "tournament4": "won",
    "tournament5": "lost",
    "tournament6": "won",
    "tournament7": "won",
    "tournament8": "lost",
    "tournament9": "won",
    "tournament10": "won",
    "tournament11": "lost",
    "tournament12": "lost",
    "tournament13": "lost",
    "tournament14": "lost",
    "tournament15": "won"
  },
  {
    "id": 69,
    "name": "Squirtle_69",
    "power": 584,
    "tournament1": "won",
    "tournament2": "won",
    "tournament3": "won",
    "tournament4": "won",
    "tournament5": "lost",
    "tournament6": "won",
    "tournament7": "lost",
    "tournament8": "won",
    "tournament9": "lost",
    "tournament10": "won",
    "tournament11": "won",
    "tournament12": "lost",
    "tournament13": "lost",
    "tournament14": "lost",
    "tournament15": "won"
  },
  {
    "id": 70,
    "name": "Squirtle_70",
    "power": 555,
    "tournament1": "won",
    "tournament2": "lost",
    "tournament3": "won",
    "tournament4": "won",
    "tournament5": "won",
    "tournament6": "lost",
    "tournament7": "lost",
    "tournament8": "lost",
    "tournament9": "lost",
    "tournament10": "won",
    "tournament11": "won",
    "tournament12": "lost",
    "tournament13": "lost",
    "tournament14": "won",
    "tournament15": "lost"
  },
  {
    "id": 71,
    "name": "Squirtle_71",
    "power": 828,
    "tournament1": "won",
    "tournament2": "lost",
    "tournament3": "won",
    "tournament4": "won",
    "tournament5": "won",
    "tournament6": "lost",
    "tournament7": "won",
    "tournament8": "won",
    "tournament9": "lost",
    "tournament10": "won",
    "tournament11": "won",
    "tournament12": "lost",
    "tournament13": "won",
    "tournament14": "won",
    "tournament15": "lost"
  },
  {
    "id": 72,
    "name": "Squirtle_72",
    "power": 42,
    "tournament1": "won",
    "tournament2": "won",
    "tournament3": "lost",
    "tournament4": "lost",
    "tournament5": "lost",
    "tournament6": "lost",
    "tournament7": "lost",
    "tournament8": "won",
    "tournament9": "lost",
    "tournament10": "won",
    "tournament11": "won",
    "tournament12": "lost",
    "tournament13": "lost",
    "tournament14": "won",
    "tournament15": "won"
  },
  {
    "id": 73,
    "name": "Squirtle_73",
    "power": 886,
    "tournament1": "lost",
    "tournament2": "won",
    "tournament3": "lost",
    "tournament4": "lost",
    "tournament5": "won",
    "tournament6": "won",
    "tournament7": "lost",
    "tournament8": "won",
    "tournament9": "lost",
    "tournament10": "lost",
    "tournament11": "won",
    "tournament12": "won",
    "tournament13": "lost",
    "tournament14": "won",
    "tournament15": "won"
  },
  {
    "id": 74,
    "name": "Squirtle_74",
    "power": 22,
    "tournament1": "won",
    "tournament2": "won",
    "tournament3": "won",
    "tournament4": "lost",
    "tournament5": "lost",
    "tournament6": "won",
    "tournament7": "lost",
    "tournament8": "lost",
    "tournament9": "lost",
    "tournament10": "won",
    "tournament11": "won",
    "tournament12": "won",
    "tournament13": "lost",
    "tournament14": "won",
    "tournament15": "lost"
  },
  {
    "id": 75,
    "name": "Squirtle_75",
    "power": 94,
    "tournament1": "won",
    "tournament2": "lost",
    "tournament3": "won",
    "tournament4": "lost",
    "tournament5": "won",
    "tournament6": "lost",
    "tournament7": "lost",
    "tournament8": "won",
    "tournament9": "won",
    "tournament10": "won",
    "tournament11": "won",
    "tournament12": "won",
    "tournament13": "won",
    "tournament14": "lost",
    "tournament15": "won"
  },
  {
    "id": 76,
    "name": "Squirtle_76",
    "power": 23,
    "tournament1": "lost",
    "tournament2": "won",
    "tournament3": "lost",
    "tournament4": "lost",
    "tournament5": "won",
    "tournament6": "lost",
    "tournament7": "won",
    "tournament8": "won",
    "tournament9": "lost",
    "tournament10": "won",
    "tournament11": "won",
    "tournament12": "lost",
    "tournament13": "won",
    "tournament14": "lost",
    "tournament15": "lost"
  },
  {
    "id": 77,
    "name": "Squirtle_77",
    "power": 956,
    "tournament1": "won",
    "tournament2": "lost",
    "tournament3": "lost",
    "tournament4": "lost",
    "tournament5": "won",
    "tournament6": "lost",
    "tournament7": "lost",
    "tournament8": "lost",
    "tournament9": "lost",
    "tournament10": "lost",
    "tournament11": "lost",
    "tournament12": "lost",
    "tournament13": "won",
    "tournament14": "won",
    "tournament15": "won"
  },
  {
    "id": 78,
    "name": "Squirtle_78",
    "power": 517,
    "tournament1": "lost",
    "tournament2": "won",
    "tournament3": "lost",
    "tournament4": "won",
    "tournament5": "won",
    "tournament6": "won",
    "tournament7": "won",
    "tournament8": "lost",
    "tournament9": "won",
    "tournament10": "lost",
    "tournament11": "lost",
    "tournament12": "won",
    "tournament13": "won",
    "tournament14": "won",
    "tournament15": "won"
  },
  {
    "id": 79,
    "name": "Squirtle_79",
    "power": 556,
    "tournament1": "lost",
    "tournament2": "lost",
    "tournament3": "won",
    "tournament4": "lost",
    "tournament5": "won",
    "tournament6": "lost",
    "tournament7": "lost",
    "tournament8": "lost",
    "tournament9": "won",
    "tournament10": "won",
    "tournament11": "won",
    "tournament12": "won",
    "tournament13": "won",
    "tournament14": "won",
    "tournament15": "lost"
  },
  {
    "id": 80,
    "name": "Squirtle_80",
    "power": 660,
    "tournament1": "lost",
    "tournament2": "won",
    "tournament3": "lost",
    "tournament4": "lost",
    "tournament5": "won",
    "tournament6": "won",
    "tournament7": "won",
    "tournament8": "won",
    "tournament9": "won",
    "tournament10": "lost",
    "tournament11": "lost",
    "tournament12": "lost",
    "tournament13": "won",
    "tournament14": "lost",
    "tournament15": "won"
  },
  {
    "id": 81,
    "name": "Squirtle_81",
    "power": 467,
    "tournament1": "lost",
    "tournament2": "won",
    "tournament3": "lost",
    "tournament4": "won",
    "tournament5": "lost",
    "tournament6": "lost",
    "tournament7": "lost",
    "tournament8": "won",
    "tournament9": "won",
    "tournament10": "lost",
    "tournament11": "won",
    "tournament12": "lost",
    "tournament13": "lost",
    "tournament14": "lost",
    "tournament15": "lost"
  },
  {
    "id": 82,
    "name": "Squirtle_82",
    "power": 882,
    "tournament1": "won",
    "tournament2": "won",
    "tournament3": "lost",
    "tournament4": "won",
    "tournament5": "lost",
    "tournament6": "lost",
    "tournament7": "lost",
    "tournament8": "won",
    "tournament9": "lost",
    "tournament10": "lost",
    "tournament11": "won",
    "tournament12": "lost",
    "tournament13": "won",
    "tournament14": "won",
    "tournament15": "won"
  },
  {
    "id": 83,
    "name": "Squirtle_83",
    "power": 942,
    "tournament1": "won",
    "tournament2": "lost",
    "tournament3": "lost",
    "tournament4": "lost",
    "tournament5": "won",
    "tournament6": "won",
    "tournament7": "lost",
    "tournament8": "lost",
    "tournament9": "won",
    "tournament10": "lost",
    "tournament11": "won",
    "tournament12": "lost",
    "tournament13": "won",
    "tournament14": "won",
    "tournament15": "lost"
  },
  {
    "id": 84,
    "name": "Squirtle_84",
    "power": 1000,
    "tournament1": "won",
    "tournament2": "won",
    "tournament3": "lost",
    "tournament4": "won",
    "tournament5": "won",
    "tournament6": "won",
    "tournament7": "won",
    "tournament8": "lost",
    "tournament9": "won",
    "tournament10": "won",
    "tournament11": "won",
    "tournament12": "lost",
    "tournament13": "lost",
    "tournament14": "won",
    "tournament15": "lost"
  },
  {
    "id": 85,
    "name": "Squirtle_85",
    "power": 611,
    "tournament1": "lost",
    "tournament2": "won",
    "tournament3": "won",
    "tournament4": "lost",
    "tournament5": "lost",
    "tournament6": "lost",
    "tournament7": "won",
    "tournament8": "lost",
    "tournament9": "lost",
    "tournament10": "won",
    "tournament11": "won",
    "tournament12": "lost",
    "tournament13": "lost",
    "tournament14": "won",
    "tournament15": "won"
  },
  {
    "id": 86,
    "name": "Squirtle_86",
    "power": 358,
    "tournament1": "lost",
    "tournament2": "won",
    "tournament3": "lost",
    "tournament4": "won",
    "tournament5": "won",
    "tournament6": "won",
    "tournament7": "lost",
    "tournament8": "lost",
    "tournament9": "won",
    "tournament10": "lost",
    "tournament11": "won",
    "tournament12": "lost",
    "tournament13": "lost",
    "tournament14": "lost",
    "tournament15": "won"
  },
  {
    "id": 87,
    "name": "Squirtle_87",
    "power": 405,
    "tournament1": "won",
    "tournament2": "lost",
    "tournament3": "won",
    "tournament4": "lost",
    "tournament5": "lost",
    "tournament6": "lost",
    "tournament7": "lost",
    "tournament8": "won",
    "tournament9": "won",
    "tournament10": "won",
    "tournament11": "won",
    "tournament12": "won",
    "tournament13": "won",
    "tournament14": "won",
    "tournament15": "won"
  },
  {
    "id": 88,
    "name": "Squirtle_88",
    "power": 34,
    "tournament1": "lost",
    "tournament2": "lost",
    "tournament3": "lost",
    "tournament4": "won",
    "tournament5": "lost",
    "tournament6": "lost",
    "tournament7": "lost",
    "tournament8": "lost",
    "tournament9": "won",
    "tournament10": "lost",
    "tournament11": "lost",
    "tournament12": "lost",
    "tournament13": "lost",
    "tournament14": "lost",
    "tournament15": "won"
  },
  {
    "id": 89,
    "name": "Squirtle_89",
    "power": 706,
    "tournament1": "lost",
    "tournament2": "lost",
    "tournament3": "lost",
    "tournament4": "lost",
    "tournament5": "won",
    "tournament6": "won",
    "tournament7": "won",
    "tournament8": "lost",
    "tournament9": "lost",
    "tournament10": "lost",
    "tournament11": "lost",
    "tournament12": "lost",
    "tournament13": "lost",
    "tournament14": "won",
    "tournament15": "won"
  },
  {
    "id": 90,
    "name": "Squirtle_90",
    "power": 864,
    "tournament1": "won",
    "tournament2": "won",
    "tournament3": "lost",
    "tournament4": "won",
    "tournament5": "won",
    "tournament6": "won",
    "tournament7": "lost",
    "tournament8": "lost",
    "tournament9": "lost",
    "tournament10": "won",
    "tournament11": "won",
    "tournament12": "won",
    "tournament13": "won",
    "tournament14": "won",
    "tournament15": "won"
  },
  {
    "id": 91,
    "name": "Squirtle_91",
    "power": 452,
    "tournament1": "lost",
    "tournament2": "won",
    "tournament3": "won",
    "tournament4": "won",
    "tournament5": "won",
    "tournament6": "lost",
    "tournament7": "won",
    "tournament8": "lost",
    "tournament9": "lost",
    "tournament10": "won",
    "tournament11": "lost",
    "tournament12": "won",
    "tournament13": "lost",
    "tournament14": "won",
    "tournament15": "lost"
  },
  {
    "id": 92,
    "name": "Squirtle_92",
    "power": 692,
    "tournament1": "won",
    "tournament2": "lost",
    "tournament3": "won",
    "tournament4": "won",
    "tournament5": "lost",
    "tournament6": "lost",
    "tournament7": "won",
    "tournament8": "lost",
    "tournament9": "lost",
    "tournament10": "lost",
    "tournament11": "lost",
    "tournament12": "won",
    "tournament13": "lost",
    "tournament14": "lost",
    "tournament15": "lost"
  },
  {
    "id": 93,
    "name": "Squirtle_93",
    "power": 228,
    "tournament1": "lost",
    "tournament2": "won",
    "tournament3": "won",
    "tournament4": "won",
    "tournament5": "lost",
    "tournament6": "won",
    "tournament7": "lost",
    "tournament8": "won",
    "tournament9": "won",
    "tournament10": "won",
    "tournament11": "lost",
    "tournament12": "won",
    "tournament13": "lost",
    "tournament14": "won",
    "tournament15": "lost"
  },
  {
    "id": 94,
    "name": "Squirtle_94",
    "power": 990,
    "tournament1": "lost",
    "tournament2": "lost",
    "tournament3": "won",
    "tournament4": "lost",
    "tournament5": "won",
    "tournament6": "lost",
    "tournament7": "won",
    "tournament8": "won",
    "tournament9": "won",
    "tournament10": "won",
    "tournament11": "won",
    "tournament12": "lost",
    "tournament13": "lost",
    "tournament14": "lost",
    "tournament15": "lost"
  },
  {
    "id": 95,
    "name": "Squirtle_95",
    "power": 661,
    "tournament1": "lost",
    "tournament2": "lost",
    "tournament3": "won",
    "tournament4": "lost",
    "tournament5": "won",
    "tournament6": "lost",
    "tournament7": "won",
    "tournament8": "won",
    "tournament9": "lost",
    "tournament10": "won",
    "tournament11": "lost",
    "tournament12": "won",
    "tournament13": "lost",
    "tournament14": "won",
    "tournament15": "won"
  },
  {
    "id": 96,
    "name": "Squirtle_96",
    "power": 577,
    "tournament1": "won",
    "tournament2": "won",
    "tournament3": "won",
    "tournament4": "lost",
    "tournament5": "lost",
    "tournament6": "lost",
    "tournament7": "won",
    "tournament8": "lost",
    "tournament9": "lost",
    "tournament10": "lost",
    "tournament11": "lost",
    "tournament12": "lost",
    "tournament13": "lost",
    "tournament14": "won",
    "tournament15": "won"
  },
  {
    "id": 97,
    "name": "Squirtle_97",
    "power": 613,
    "tournament1": "won",
    "tournament2": "won",
    "tournament3": "won",
    "tournament4": "lost",
    "tournament5": "lost",
    "tournament6": "lost",
    "tournament7": "won",
    "tournament8": "won",
    "tournament9": "lost",
    "tournament10": "won",
    "tournament11": "won",
    "tournament12": "won",
    "tournament13": "won",
    "tournament14": "lost",
    "tournament15": "lost"
  },
  {
    "id": 98,
    "name": "Squirtle_98",
    "power": 895,
    "tournament1": "won",
    "tournament2": "lost",
    "tournament3": "won",
    "tournament4": "won",
    "tournament5": "won",
    "tournament6": "won",
    "tournament7": "lost",
    "tournament8": "won",
    "tournament9": "won",
    "tournament10": "won",
    "tournament11": "lost",
    "tournament12": "won",
    "tournament13": "won",
    "tournament14": "lost",
    "tournament15": "lost"
  },
  {
    "id": 99,
    "name": "Squirtle_99",
    "power": 336,
    "tournament1": "lost",
    "tournament2": "lost",
    "tournament3": "lost",
    "tournament4": "lost",
    "tournament5": "won",
    "tournament6": "lost",
    "tournament7": "lost",
    "tournament8": "won",
    "tournament9": "won",
    "tournament10": "lost",
    "tournament11": "won",
    "tournament12": "won",
    "tournament13": "lost",
    "tournament14": "lost",
    "tournament15": "won"
  },
  {
    "id": 100,
    "name": "Squirtle_100",
    "power": 439,
    "tournament1": "won",
    "tournament2": "lost",
    "tournament3": "lost",
    "tournament4": "lost",
    "tournament5": "lost",
    "tournament6": "won",
    "tournament7": "won",
    "tournament8": "won",
    "tournament9": "won",
    "tournament10": "won",
    "tournament11": "lost",
    "tournament12": "lost",
    "tournament13": "won",
    "tournament14": "lost",
    "tournament15": "lost"
  }
]
